inv_slug,canonical_dev,canonical_inv_id,canonical_img_count,canonical_has_profile,orphan_dev,orphan_inv_id,orphan_img_count,orphan_has_profile,action
3-wymiary-bronowice-krakow-pradnik-bialy,q3d-locum-sp-z-oo,NONE,12,False,quelle-locum-sp-z-oo,NONE,9,False,BOTH_HAVE_IMAGES
5th-avenue-apartments,5th-avenue-apartments-holding,NONE,26,False,5th-avenue-holding-sa,NONE,0,False,REMOVE_ORPHAN
apartamenty-klifova-apartamenty-inwestycyjne,residence-iii,NONE,10,False,tedex-service-sp-z-o-o,NONE,6,False,BOTH_HAVE_IMAGES
apartamenty-luzycka-56,mercede,NONE,17,False,mercede-spolka-z-o-o,NONE,2,False,BOTH_HAVE_IMAGES
apartamenty-marina-rogowo-gryficki-rogowo,mj-deweloper,NONE,9,False,enbud-sp-z-oo,NONE,0,False,REMOVE_ORPHAN
apartamenty-poligonowa-etap-4,rwp-development,NONE,4,False,rwp-inwestycje-sp-z-o-o,NONE,4,False,BOTH_HAVE_IMAGES
apartamenty-poligonowa-etap-5,rwp-development,NONE,4,False,rwp-inwestycje-sp-z-o-o,NONE,4,False,BOTH_HAVE_IMAGES
apartamenty-przystan-ii,rutkowski-group-sp-z-o-o,NONE,3,False,rutkowski-development,NONE,0,False,REMOVE_ORPHAN
atut,inpro-sa,NONE,20,False,inpro,NONE,9,True,BOTH_HAVE_IMAGES
banacha-12,super-krak,NONE,7,False,super-krak-sa,NONE,7,False,BOTH_HAVE_IMAGES
bufalo-park,bufalo-park-sp-z-o-o,NONE,13,False,kubat-investments,NONE,1,False,BOTH_HAVE_IMAGES
clou-lindego,clou-megapolis-sp-z-o-o-sp-komandytowa,NONE,15,False,megapolis-development,NONE,10,False,BOTH_HAVE_IMAGES
duet-jaskowa-dolina,pbm-i-r-budros,NONE,20,False,budros,NONE,0,False,REMOVE_ORPHAN
dzielnica-kielczanka-kielce,komplexbud,NONE,13,False,komplexbud-inwestycje-sp-z-oo,NONE,1,False,BOTH_HAVE_IMAGES
grano-hotel-solmarina-kup-apartament-hotelowy,dekpol-deweloper-sp-z-oo,NONE,5,False,dekpol-deweloper-sp-z-o-o,NONE,0,False,REMOVE_ORPHAN
ivy-by-blockhaus-zamieszkaj-w-centrum-mikolowa,blockhaus,NONE,5,False,blockhaus-sp-z-o-o,NONE,5,False,BOTH_HAVE_IMAGES
jasminowy-mokotow-etap-vi-warszawa-stegny,platforma-mieszkaniowa,NONE,6,False,skanska-residential-development-poland-sp-z-oo,NONE,0,True,REMOVE_ORPHAN
kepa-mieszczanska,milart,NONE,7,False,echo-investment-s-a,NONE,4,False,BOTH_HAVE_IMAGES
link-bunscha,megapolis-development,NONE,12,False,link-bunscha-megapolis-sp-z-o-o-sp-k,NONE,7,False,BOTH_HAVE_IMAGES
lunaria,budros,NONE,9,False,przedsiebiorstwo-budowlano-montazowe-i-rusztowaniowe-budros-sp-z-o-o,NONE,9,False,BOTH_HAVE_IMAGES
meva-gdynia-grabowek,rai-deweloper,NONE,13,False,rai-przedsiebiorstwo-budowlane,NONE,4,False,BOTH_HAVE_IMAGES
mickiewicza-ciechocinek,pres-grupa-deweloperska,NONE,13,False,nova-home-sp-z-oo,NONE,3,False,BOTH_HAVE_IMAGES
miejski-las-kolobrzeg,in-tech-industrial-service-sp-z-oo,NONE,12,False,in-tech-development-sp-z-o-o,NONE,8,False,BOTH_HAVE_IMAGES
mlyny-krolewskie-warszawa-wola-mlynow,dom-development-sa,NONE,28,True,lupkowa-park-sp-z-oo,NONE,0,False,REMOVE_ORPHAN
murapol-apartamenty-praskie-warszawa-praga-poludnie-witolin,murapol-sa,NONE,8,True,platforma-mieszkaniowa,NONE,7,False,BOTH_HAVE_IMAGES
murapol-atrium-sluzewiec-warszawa-mokotow-sluzewiec,murapol-sa,NONE,14,True,platforma-mieszkaniowa,NONE,10,False,BOTH_HAVE_IMAGES
murapol-dzieci-warszawy-warszawa-ursus-skorosze,murapol-sa,NONE,9,True,platforma-mieszkaniowa,NONE,9,False,BOTH_HAVE_IMAGES
nova-jeziorowa-2,jeziorowa-house-sp-zo-o,NONE,11,False,jeziorowa-house,NONE,6,False,BOTH_HAVE_IMAGES
nowa-dabrowa,allcon,NONE,8,False,allcon-nieruchomosci,NONE,8,False,BOTH_HAVE_IMAGES
nowa-lesnica-ii-etap,j-king-sp-z-o-o,NONE,9,False,jk-deweloper,NONE,4,False,BOTH_HAVE_IMAGES
ogrody-przyjaciol-4-warszawa-bialoleka-szamocin,novisa-development-sp-z-oo-sp-j,NONE,9,True,zrbphu-ryszard-sass,NONE,0,False,REMOVE_ORPHAN
osiedle-dworska,apstar,NONE,4,False,przedsiebiorstwo-realizacji-budownictwa-holdimex-sp-z-o-o,NONE,2,False,BOTH_HAVE_IMAGES
osiedle-fi,osiedle-fi3-megapolis-sp-z-o-o-spolka-komandytowa,NONE,11,False,megapolis,NONE,10,True,BOTH_HAVE_IMAGES
osiedle-kolejowa-olesnica,lm-development-sc,NONE,16,False,l-m-development-s-c,NONE,7,False,BOTH_HAVE_IMAGES
osiedle-lawendowe,broker-ms-nieruchomosci-sp-z-o-o-sp-k,NONE,16,False,s-grupa-sp-z-o-o,NONE,5,False,BOTH_HAVE_IMAGES
osiedle-pogodne,willbud-spolka-komandytowo-akcyjna,NONE,8,False,ep-development-sp-z-ograniczona-odpowiedzialnoscia,NONE,2,False,BOTH_HAVE_IMAGES
osiedle-radosne-pisz,rutkowski-group-sp-z-o-o,NONE,6,False,rutkowski-development-sp-j,NONE,4,True,BOTH_HAVE_IMAGES
osiedle-sloneczne,pw-lech-sp-z-o-o,NONE,11,False,mk-proper-house,NONE,7,False,BOTH_HAVE_IMAGES
paderewskiego-18-nowy-dwor-mazowiecki,deweloppol-sp-z-o-o-sp-k,NONE,6,False,deweloppol,NONE,3,False,BOTH_HAVE_IMAGES
rezydencja-zegrze,mostostal,NONE,13,False,mostostal-sa,NONE,0,False,REMOVE_ORPHAN
robyg-jagodno-wroclaw-krzyki-wojszyce,robyg-grupa-deweloperska,NONE,6,True,robyg-sa,NONE,6,False,BOTH_HAVE_IMAGES
sosnovia,cellon-spv,NONE,8,False,barbary-19,NONE,0,False,REMOVE_ORPHAN
stara-farbiarnia,kmg-development,NONE,15,False,biuro-dewelopera-big-city-broker,NONE,1,False,BOTH_HAVE_IMAGES
unii-lubelskiej-4,agrobex,NONE,6,True,agrobex-sp-z-oo,NONE,0,True,REMOVE_ORPHAN
wiazana-residence,linden-property,NONE,16,False,linden-property-obsluga-inwestycji-deweloperskich,NONE,15,False,BOTH_HAVE_IMAGES
wilgi-park-piaseczynski-zgorzala,novisa-development-sp-z-oo-sp-j,NONE,17,True,space-development,NONE,0,False,REMOVE_ORPHAN
wspolna-25-kruszwica,p-h-u-mega-sp-z-o-o,NONE,10,False,phu-mega-sp-z-oo,NONE,5,False,BOTH_HAVE_IMAGES
zielona-przystan,arbud,NONE,6,False,przedsiebiorstwo-wielobranzowe-budomex,NONE,4,False,BOTH_HAVE_IMAGES
zielony-trakt,amart-development-sp-z-o-o,NONE,7,False,amart-development,NONE,5,False,BOTH_HAVE_IMAGES
zwirki-i-wigury-43-rumia,zlobikowski-development-sp-z-oo,NONE,16,False,platforma-mieszkaniowa,NONE,10,False,BOTH_HAVE_IMAGES
